0,0,0,0,0,0,0,0,0,0
0.014383,118.71,-0.068722,55.247,61.236,0.23695,0.22464,2.9331e+07,1258.2,8803.8
0.014622,80.974,-0.066541,61.964,61.201,0,0,0,0,0
0.014862,85.086,-0.064359,59.862,61.161,0,0,0,0,0
0.015102,81.986,-0.062177,59.802,61.118,0,0,0,0,0
0.015341,91.685,-0.059996,62.303,61.07,0,0,0,0,0
0.015581,81.844,-0.057814,65.964,61.018,0,0,0,0,0
0.015821,65.948,-0.055632,64.039,60.962,0,0,0,0,0
0.01606,64.326,-0.053451,55.848,60.902,0,0,0,0,0
0.0163,68.796,-0.051269,55.915,60.838,0,0,0,0,0
0.01654,59.806,-0.049087,63.383,60.77,0,0,0,0,0
0.01678,60.743,-0.046906,67.945,60.698,0,0,0,0,0
0.017019,57.017,-0.044724,66.847,60.623,0,0,0,0,0
0.017259,48.735,-0.042542,62.684,60.543,0,0,0,0,0
0.017499,53.758,-0.040361,63.676,60.46,0,0,0,0,0
0.017738,58.135,-0.038179,76.666,60.372,0,0,0,0,0
0.017978,54.809,-0.035997,67.577,60.281,0,0,0,0,0
0.018218,59.459,-0.033816,56.963,60.187,0,0,0,0,0
0.018458,57.098,-0.031634,58.925,60.088,0,0,0,0,0
0.018697,49.659,-0.029452,72.304,59.986,0,0,0,0,0
0.018937,52.114,-0.027271,73.371,59.881,0,0,0,0,0
0.019177,56.95,-0.025089,70.701,59.772,0,0,0,0,0
0.019416,50.04,-0.022907,68.95,59.659,0,0,0,0,0
0.019656,48.557,-0.020726,50.934,59.543,0,0,0,0,0
0.019896,42.974,-0.018544,45.353,59.424,0,0,0,0,0
0.020135,47.908,-0.016362,46.365,59.301,0,0,0,0,0
0.020375,49.163,-0.014181,50.339,59.175,0,0,0,0,0
0.020615,41.405,-0.011999,59.824,59.045,0,0,0,0,0
0.020855,43.149,-0.0098175,54.717,58.913,0,0,0,0,0
0.021094,41.734,-0.0076358,49.453,58.777,0,0,0,0,0
0.021334,39.182,-0.0054542,51.161,58.638,0,0,0,0,0
0.021574,37.645,-0.0032725,62.01,58.496,0,0,0,0,0
0.021813,34.1,-0.0010908,57.608,58.351,0,0,0,0,0
0.022053,41.514,0.0010908,52.723,58.204,0,0,0,0,0
0.022293,35.027,0.0032725,49.798,58.053,0,0,0,0,0
0.022533,29.148,0.0054542,51.129,57.9,0,0,0,0,0
0.022772,32.58,0.0076358,49.821,57.743,0,0,0,0,0
0.023012,32.168,0.0098175,51.277,57.584,0,0,0,0,0
0.023252,29.93,0.011999,59.742,57.423,0,0,0,0,0
0.023491,34.224,0.014181,67.695,57.259,0,0,0,0,0
0.023731,28.47,0.016362,61.359,57.092,0,0,0,0,0
0.023971,24.026,0.018544,56.276,56.923,0,0,0,0,0
0.02421,29.245,0.020726,51.801,56.752,0,0,0,0,0
0.02445,28.5,0.022907,56.435,56.578,0,0,0,0,0
0.02469,30.501,0.025089,55.73,56.402,0,0,0,0,0
0.02493,31.556,0.027271,50.876,56.223,0,0,0,0,0
0.025169,25.805,0.029452,62.477,56.043,0,0,0,0,0
0.025409,27.066,0.031634,55.591,55.86,0,0,0,0,0
0.025649,28.374,0.033816,49.784,55.676,0,0,0,0,0
0.025888,25.632,0.035997,46.502,55.489,0,0,0,0,0
0.026128,25.831,0.038179,48.741,55.301,0,0,0,0,0
0.026368,25.889,0.040361,49.113,55.11,0,0,0,0,0
0.026607,23.004,0.042542,45.661,54.918,0,0,0,0,0
0.026847,23.924,0.044724,45.159,54.724,0,0,0,0,0
0.027087,22.001,0.046906,55.919,54.529,0,0,0,0,0
0.027327,21.205,0.049087,66.76,54.331,0,0,0,0,0
0.027566,19.247,0.051269,64.947,54.133,0,0,0,0,0
0.027806,17.95,0.053451,67.654,53.932,0,0,0,0,0
0.028046,20.525,0.055632,64.371,53.731,0,0,0,0,0
0.028285,17.737,0.057814,55.332,53.528,0,0,0,0,0
0.028525,23.602,0.059996,60.938,53.323,0,0,0,0,0
0.028765,19.369,0.062177,58.317,53.118,0,0,0,0,0
0.029004,19.854,0.064359,47.094,52.911,0,0,0,0,0
0.029244,17.317,0.066541,48.796,52.703,0,0,0,0,0
0.029484,19.64,0.068722,49.744,52.494,0,0,0,0,0
0.029724,21.406,0.070904,46.164,52.284,0,0,0,0,0
0.029963,21.049,0.073086,44.096,52.072,0,0,0,0,0
0.030203,19.586,0.075267,41.966,51.86,0,0,0,0,0
0.030443,17.834,0.077449,51.804,51.647,0,0,0,0,0
0.030682,19.588,0.079631,59.995,51.434,0,0,0,0,0
0.030922,16.174,0.081812,48.301,51.219,0,0,0,0,0
0.031162,19.063,0.083994,53.781,51.004,0,0,0,0,0
0.031401,14.854,0.086176,58.466,50.788,0,0,0,0,0
0.031641,14.646,0.088357,50.196,50.571,0,0,0,0,0
0.031881,15.19,0.090539,47.836,50.354,0,0,0,0,0
0.032121,13.483,0.092721,50.136,50.136,0,0,0,0,0
0.03236,14.939,0.094902,49.918,49.918,0,0,0,0,0
0.0326,16.443,0.097084,49.699,49.699,0,0,0,0,0
0.03284,15.079,0.099266,49.48,49.48,0,0,0,0,0
0.033079,16.341,0.10145,49.261,49.261,0,0,0,0,0
0.033319,12.875,0.10363,49.041,49.041,0,0,0,0,0
0.033559,15.193,0.10581,48.821,48.821,0,0,0,0,0
0.033798,11.053,0.10799,48.601,48.601,0,0,0,0,0
0.034038,11.095,0.11017,48.381,48.381,0,0,0,0,0
0.034278,12.587,0.11236,48.16,48.16,0,0,0,0,0
0.034517,13.571,0.11454,47.94,47.94,0,0,0,0,0
0.034757,15.108,0.11672,47.719,47.719,0,0,0,0,0
0.034997,14.56,0.1189,47.499,47.499,0,0,0,0,0
0.035237,11.345,0.12108,47.278,47.278,0,0,0,0,0
0.035476,12.652,0.12326,47.058,47.058,0,0,0,0,0
0.035716,12.908,0.12545,46.837,46.837,0,0,0,0,0
0.035956,13.348,0.12763,46.617,46.617,0,0,0,0,0
0.036195,11.395,0.12981,46.397,46.397,0,0,0,0,0
0.036435,10.489,0.13199,46.177,46.177,0,0,0,0,0
0.036675,14.568,0.13417,45.957,45.957,0,0,0,0,0
0.036914,13.506,0.13635,45.738,45.738,0,0,0,0,0
0.037154,9.7775,0.13854,45.519,45.519,0,0,0,0,0
0.037394,10.385,0.14072,45.3,45.3,0,0,0,0,0
0.037633,10.743,0.1429,45.081,45.081,0,0,0,0,0
0.037873,9.7706,0.14508,44.863,44.863,0,0,0,0,0
0.038113,10.988,0.14726,44.646,44.646,0,0,0,0,0
0.038353,10.757,0.14944,44.428,44.428,0,0,0,0,0
0.038592,12.646,0.15163,44.212,44.212,0,0,0,0,0
0.038832,11.47,0.15381,43.995,43.995,0,0,0,0,0
0.039072,8.1293,0.15599,43.78,43.78,0,0,0,0,0
0.039311,11.906,0.15817,43.565,43.565,0,0,0,0,0
0.039551,11.665,0.16035,43.35,43.35,0,0,0,0,0
0.039791,11.639,0.16253,43.136,43.136,0,0,0,0,0
0.04003,11.018,0.16472,42.923,42.923,0,0,0,0,0
0.04027,10.186,0.1669,42.71,42.71,0,0,0,0,0
0.04051,8.115,0.16908,42.498,42.498,0,0,0,0,0
0.040749,8.4572,0.17126,42.286,42.286,0,0,0,0,0
0.040989,10.617,0.17344,42.076,42.076,0,0,0,0,0
0.041229,11.226,0.17562,65.785,41.866,0,0,0,0,0
0.041468,10.147,0.17781,67.068,41.656,0,0,0,0,0
0.041708,9.2839,0.17999,50.78,41.448,0,0,0,0,0
0.041948,9.5127,0.18217,43.408,41.24,0,0,0,0,0
0.042188,8.7274,0.18435,43.65,41.033,0,0,0,0,0
0.042427,10.281,0.18653,41.66,40.827,0,0,0,0,0
0.042667,8.5623,0.18871,40.51,40.621,0,0,0,0,0
0.042907,7.3878,0.1909,38.793,40.417,0,0,0,0,0
0.043146,9.9464,0.19308,40.604,40.213,0,0,0,0,0
0.043386,7.935,0.19526,43.301,40.01,0,0,0,0,0
0.043626,9.2077,0.19744,39.648,39.809,0,0,0,0,0
0.043865,8.5365,0.19962,32.318,39.607,0,0,0,0,0
0.044105,8.1015,0.2018,32.445,39.407,0,0,0,0,0
0.044345,8.2317,0.20399,34.984,39.208,0,0,0,0,0
0.044584,8.1545,0.20617,36.69,39.01,0,0,0,0,0
0.044824,8.0914,0.20835,36.846,38.812,0,0,0,0,0
0.045064,8.7309,0.21053,39.062,38.616,0,0,0,0,0
0.045303,8.1271,0.21271,35.121,38.42,0,0,0,0,0
0.045543,7.8709,0.21489,30.126,38.226,0,0,0,0,0
0.045783,8.1351,0.21708,33.74,38.032,0,0,0,0,0
0.046022,8.5179,0.21926,35.99,37.839,0,0,0,0,0
0.046262,7.6108,0.22144,34.868,37.648,0,0,0,0,0
0.046502,8.3511,0.22362,36.138,37.457,0,0,0,0,0
0.046742,7.3624,0.2258,32.944,37.267,0,0,0,0,0
0.046981,10.579,0.22798,29.794,37.079,0,0,0,0,0
0.047221,22.621,0.23017,32.749,36.891,0,0,0,0,0
0.047461,172.92,0.23235,32.093,36.704,0,0,0,0,0
0.0477,300.81,0.23453,30.3,36.519,0,0,0,0,0
0.04794,362.6,0.23671,28.242,36.334,0,0,0,0,0
0.04818,385.18,0.23889,32.675,36.151,0,0,0,0,0
0.048419,387.26,0.24107,32.255,35.968,0,0,0,0,0
0.048659,405.16,0.24326,29.896,35.786,0,0,0,0,0
0.048899,431.12,0.24544,33.392,35.606,0,0,0,0,0
0.049138,417.15,0.24762,30.561,35.427,0,0,0,0,0
0.049378,383.52,0.2498,27.137,35.248,0,0,0,0,0
0.049618,348.68,0.25198,27.49,35.071,0,0,0,0,0
0.049857,365.27,0.25416,28.192,34.894,0,0,0,0,0
0.050097,357.53,0.25635,30.563,34.719,0,0,0,0,0
0.050337,345.06,0.25853,30.159,34.545,0,0,0,0,0
0.050576,327.19,0.26071,29.544,34.372,0,0,0,0,0
0.050816,327.89,0.26289,33.645,34.199,0,0,0,0,0
0.051056,317.12,0.26507,34.043,34.028,0,0,0,0,0
0.051295,308.87,0.26725,37.311,33.858,0,0,0,0,0
0.051535,304.98,0.26944,37.143,33.689,0,0,0,0,0
0.051775,293.59,0.27162,31.585,33.521,0,0,0,0,0
0.052014,288.73,0.2738,26.351,33.354,0,0,0,0,0
0.052254,280.38,0.27598,28.242,33.189,0,0,0,0,0
0.052494,289.31,0.27816,25.625,33.024,0,0,0,0,0
0.052733,279.53,0.28034,25.588,32.86,0,0,0,0,0
0.052973,265.25,0.28253,29.928,32.697,0,0,0,0,0
0.053213,248.04,0.28471,33.905,32.536,0,0,0,0,0
0.053452,245.1,0.28689,32.669,32.375,0,0,0,0,0
0.053692,248.32,0.28907,36.357,32.215,0,0,0,0,0
0.053932,239.48,0.29125,38.763,32.057,0,0,0,0,0
0.054171,253.26,0.29343,37.767,31.899,0,0,0,0,0
0.054411,228.68,0.29562,30.918,31.743,0,0,0,0,0
0.054651,222.21,0.2978,27.682,31.587,0,0,0,0,0
0.05489,230.64,0.29998,26.803,31.433,0,0,0,0,0
0.05513,211.61,0.30216,26.546,31.28,0,0,0,0,0
0.05537,201.36,0.30434,23.971,31.127,0,0,0,0,0
0.055609,205.1,0.30652,23.775,30.976,0,0,0,0,0
0.055849,194.25,0.30871,25.827,30.826,0,0,0,0,0
0.056089,187.51,0.31089,25.444,30.676,0,0,0,0,0
0.056328,190.61,0.31307,25.515,30.528,0,0,0,0,0
0.056568,179.06,0.31525,26.963,30.381,0,0,0,0,0
0.056808,181.49,0.31743,27.383,30.234,0,0,0,0,0
0.057047,171.13,0.31961,22.328,30.089,0,0,0,0,0
0.057287,173.07,0.3218,18.444,29.945,0,0,0,0,0
0.057527,177.41,0.32398,23.544,29.801,0,0,0,0,0
0.057766,172.21,0.32616,28.735,29.659,0,0,0,0,0
0.058006,161.76,0.32834,32.35,29.518,0,0,0,0,0
0.058246,174.15,0.33052,29.68,29.377,0,0,0,0,0
0.058485,160.09,0.3327,25.73,29.238,0,0,0,0,0
0.058725,150.81,0.33489,21.759,29.1,0,0,0,0,0
0.058965,146.83,0.33707,22.279,28.962,0,0,0,0,0
0.059204,157.88,0.33925,25.759,28.826,0,0,0,0,0
0.059444,139.85,0.34143,26.163,28.69,0,0,0,0,0
0.059684,146.84,0.34361,30.227,28.556,0,0,0,0,0
0.059923,127.43,0.34579,28.568,28.422,0,0,0,0,0
0.063758,112.31,0.34798,25.859,28.289,0,0,0,0,0
0.063998,111.46,0.35016,22.733,28.157,0,0,0,0,0
0.064237,99.344,0.35234,20.559,28.027,0,0,0,0,0
0.064477,95.981,0.35452,23.846,27.897,0,0,0,0,0
0.064717,100.06,0.3567,33.673,27.768,0,0,0,0,0
0.064956,96.25,0.35888,33.923,27.64,0,0,0,0,0
0.065196,84.971,0.36106,31.931,27.512,0,0,0,0,0
0.065436,84.427,0.36325,27.77,27.386,0,0,0,0,0
0.065675,87.924,0.36543,25.864,27.261,0,0,0,0,0
0.065915,90.337,0.36761,24.475,27.136,0,0,0,0,0
0.066154,85.858,0.36979,29.982,27.013,0,0,0,0,0
0.066394,83.731,0.37197,26.942,26.89,0,0,0,0,0
0.066634,78.809,0.37415,24.862,26.768,0,0,0,0,0
0.066873,74.272,0.37634,30.652,26.647,0,0,0,0,0
0.067113,76.345,0.37852,29.353,26.527,0,0,0,0,0
0.067353,79.618,0.3807,25.878,26.408,0,0,0,0,0
0.067592,80.015,0.38288,27.39,26.29,0,0,0,0,0
0.067832,79.505,0.38506,28.253,26.172,0,0,0,0,0
0.068072,74.216,0.38724,22.055,26.056,0,0,0,0,0
0.068311,76.446,0.38943,19.597,25.94,0,0,0,0,0
0.068551,71.036,0.39161,22.484,25.825,0,0,0,0,0
0.068791,68.337,0.39379,24.84,25.711,0,0,0,0,0
0.06903,67.582,0.39597,27.797,25.598,0,0,0,0,0
0.06927,72.212,0.39815,22.03,25.485,0,0,0,0,0
0.06951,70.174,0.40033,22.881,25.373,0,0,0,0,0
0.069749,69.293,0.40252,25.072,25.263,0,0,0,0,0
0.069989,66.67,0.4047,25.356,25.152,0,0,0,0,0
0.070228,68.924,0.40688,25.639,25.043,0,0,0,0,0
0.070468,67.805,0.40906,22.59,24.935,0,0,0,0,0
0.070708,58.255,0.41124,27.055,24.827,0,0,0,0,0
0.070947,65.669,0.41342,31.241,24.72,0,0,0,0,0
0.071187,67.281,0.41561,21.561,24.614,0,0,0,0,0
0.071427,60.228,0.41779,23.556,24.509,0,0,0,0,0
0.071666,64.576,0.41997,23.729,24.404,0,0,0,0,0
0.071906,59.956,0.42215,23.247,24.3,0,0,0,0,0
0.072146,61.601,0.42433,21.566,24.197,0,0,0,0,0
0.072385,63.535,0.42651,27.034,24.095,0,0,0,0,0
0.072625,68.414,0.4287,24.772,23.993,0,0,0,0,0
0.072865,60.894,0.43088,23.874,23.892,0,0,0,0,0
0.073104,63.685,0.43306,25.219,23.792,0,0,0,0,0
0.073344,66.416,0.43524,27.369,23.693,0,0,0,0,0
0.073583,61.297,0.43742,24.728,23.594,0,0,0,0,0
0.073823,56.648,0.4396,19.699,23.496,0,0,0,0,0
0.074063,58.127,0.44179,24.248,23.399,0,0,0,0,0
0.074302,61.711,0.44397,24.747,23.303,0,0,0,0,0
0.074542,60.733,0.44615,25.842,23.207,0,0,0,0,0
0.074782,59.499,0.44833,28.504,23.112,0,0,0,0,0
0.075021,59.344,0.45051,25.488,23.017,0,0,0,0,0
0.075261,60.766,0.45269,27.325,22.924,0,0,0,0,0
0.0755,63.815,0.45488,26.133,22.83,0,0,0,0,0
0.07574,59.189,0.45706,21.58,22.738,0,0,0,0,0
0.07598,53.51,0.45924,20.37,22.646,0,0,0,0,0
0.076219,60.773,0.46142,21.524,22.555,0,0,0,0,0
0.076459,57.134,0.4636,22.74,22.465,0,0,0,0,0
0.076699,58.189,0.46578,23.448,22.375,0,0,0,0,0
0.076938,56.019,0.46797,22.35,22.286,0,0,0,0,0
0.077178,53.757,0.47015,21.686,22.198,0,0,0,0,0
0.077418,55.196,0.47233,23.354,22.11,0,0,0,0,0
0.077657,53.882,0.47451,19.783,22.023,0,0,0,0,0
0.077897,54.312,0.47669,18.2,21.936,0,0,0,0,0
0.078136,57.634,0.47887,19.816,21.85,0,0,0,0,0
0.078376,56.054,0.48106,23.076,21.765,0,0,0,0,0
0.078616,55.109,0.48324,20.093,21.68,0,0,0,0,0
0.078855,55.782,0.48542,18.105,21.596,0,0,0,0,0
0.079095,55.242,0.4876,19.787,21.513,0,0,0,0,0
0.079335,53.61,0.48978,21.614,21.43,0,0,0,0,0
0.079574,55.652,0.49196,22.987,21.348,0,0,0,0,0
0.079814,55.99,0.49415,22.109,21.266,0,0,0,0,0
0.080053,59.695,0.49633,23.135,21.185,0,0,0,0,0
0.080293,55.656,0.49851,20.178,21.104,0,0,0,0,0
0.080533,52.631,0.50069,27.279,21.024,0,0,0,0,0
0.080772,53.469,0.50287,28.171,20.945,0,0,0,0,0
0.081012,54.23,0.50505,18.89,20.866,0,0,0,0,0
0.081252,58.22,0.50724,19.408,20.788,0,0,0,0,0
0.081491,55.069,0.50942,21.275,20.71,0,0,0,0,0
0.081731,52.986,0.5116,24.887,20.633,0,0,0,0,0
0.08197,56.019,0.51378,18.6,20.557,0,0,0,0,0
0.08221,57.978,0.51596,19.449,20.481,0,0,0,0,0
0.08245,54.655,0.51814,22.795,20.405,0,0,0,0,0
0.082689,55.753,0.52033,25.705,20.33,0,0,0,0,0
0.082929,51.016,0.52251,24.182,20.256,0,0,0,0,0
0.083168,53.891,0.52469,23.178,20.182,0,0,0,0,0
0.083408,54.531,0.52687,21.715,20.109,0,0,0,0,0
0.083648,55.732,0.52905,21.877,20.036,0,0,0,0,0
0.083887,52.997,0.53123,21.772,19.964,0,0,0,0,0
0.084127,55.483,0.53342,25.025,19.892,0,0,0,0,0
0.084367,59.335,0.5356,21.69,19.821,0,0,0,0,0
0.084606,56.78,0.53778,22.982,19.75,0,0,0,0,0
0.084846,57.849,0.53996,25.474,19.68,0,0,0,0,0
0.085085,55.043,0.54214,23.431,19.61,0,0,0,0,0
0.085325,54.831,0.54432,19.807,19.541,0,0,0,0,0
0.085565,57.182,0.54651,24.027,19.472,0,0,0,0,0
0.085804,57.89,0.54869,22.261,19.404,0,0,0,0,0
0.086044,55.682,0.55087,19.283,19.336,0,0,0,0,0
0.086283,56.395,0.55305,19.871,19.269,0,0,0,0,0
0.086523,54.288,0.55523,23.322,19.202,0,0,0,0,0
0.086763,56.244,0.55741,24.342,19.135,0,0,0,0,0
0.087002,52.911,0.5596,18.921,19.069,0,0,0,0,0
0.087242,55.418,0.56178,19.003,19.004,0,0,0,0,0
0.087481,58.348,0.56396,21.026,18.939,0,0,0,0,0
0.087721,62.321,0.56614,19.046,18.874,0,0,0,0,0
0.087961,57.709,0.56832,22.462,18.81,0,0,0,0,0
0.0882,56.793,0.5705,23.361,18.747,0,0,0,0,0
0.08844,55.387,0.57269,20.916,18.683,0,0,0,0,0
0.088679,54.693,0.57487,18.793,18.621,0,0,0,0,0
0.088919,52.869,0.57705,17.771,18.558,0,0,0,0,0
0.089159,56.921,0.57923,15.372,18.496,0,0,0,0,0
0.089398,59.801,0.58141,18.804,18.435,0,0,0,0,0
0.089638,57.871,0.58359,18.232,18.374,0,0,0,0,0
0.089878,58.717,0.58578,21.95,18.313,0,0,0,0,0
0.090117,56.849,0.58796,20.633,18.253,0,0,0,0,0
0.090357,56.299,0.59014,16.488,18.193,0,0,0,0,0
0.090596,59.141,0.59232,18.322,18.134,0,0,0,0,0
0.090836,55.495,0.5945,21.943,18.075,0,0,0,0,0
0.091075,56.176,0.59668,19.073,18.016,0,0,0,0,0
0.091315,58.338,0.59887,18.68,17.958,0,0,0,0,0
0.091555,58.815,0.60105,19.31,17.9,0,0,0,0,0
0.091794,55.313,0.60323,19.894,17.843,0,0,0,0,0
0.092034,56.25,0.60541,20.062,17.786,0,0,0,0,0
0.092273,58.775,0.60759,18.398,17.729,0,0,0,0,0
0.092513,54.887,0.60977,23.125,17.673,0,0,0,0,0
0.092753,55.692,0.61196,23.764,17.617,0,0,0,0,0
0.092992,56.791,0.61414,22.998,17.562,0,0,0,0,0
0.093232,56.605,0.61632,19.921,17.507,0,0,0,0,0
0.093471,58.827,0.6185,15.473,17.452,0,0,0,0,0
0.093711,58.983,0.62068,18.828,17.398,0,0,0,0,0
0.093951,57.842,0.62286,19.722,17.344,0,0,0,0,0
0.09419,63.044,0.62505,16.224,17.29,0,0,0,0,0
0.09443,60.407,0.62723,17.635,17.237,0,0,0,0,0
0.094669,58.635,0.62941,15.894,17.184,0,0,0,0,0
0.094909,60.332,0.63159,13.173,17.132,0,0,0,0,0
0.095149,63.277,0.63377,17.995,17.079,0,0,0,0,0
0.095388,61.785,0.63595,21.681,17.028,0,0,0,0,0
0.095628,56.521,0.63814,18.859,16.976,0,0,0,0,0
0.095867,60.17,0.64032,15.603,16.925,0,0,0,0,0
0.096107,59.41,0.6425,18.483,16.874,0,0,0,0,0
0.096346,64.025,0.64468,16.218,16.824,0,0,0,0,0
0.096586,63.065,0.64686,14.926,16.774,0,0,0,0,0
0.096826,61.959,0.64904,16.516,16.724,0,0,0,0,0
0.097065,58.599,0.65123,16.621,16.675,0,0,0,0,0
0.097305,61.331,0.65341,15.723,16.626,0,0,0,0,0
0.097544,62.254,0.65559,19.146,16.577,0,0,0,0,0
0.097784,59.161,0.65777,18.078,16.528,0,0,0,0,0
0.098024,59.144,0.65995,16.825,16.48,0,0,0,0,0
0.098263,59.068,0.66213,15.27,16.432,0,0,0,0,0
0.098503,60.71,0.66432,17.543,16.385,0,0,0,0,0
0.098742,64.639,0.6665,22.848,16.338,0,0,0,0,0
0.098982,59.852,0.66868,27.757,16.291,0,0,0,0,0
0.099221,54.785,0.67086,21.808,16.244,0,0,0,0,0
0.099461,58.988,0.67304,19.85,16.198,0,0,0,0,0
0.099701,59.361,0.67522,23.156,16.152,0,0,0,0,0
0.09994,58.552,0.67741,22.521,16.106,0,0,0,0,0
0.10018,58.19,0.67959,17.219,16.061,0,0,0,0,0
0.10042,58.601,0.68177,14.638,16.016,0,0,0,0,0
0.10066,61.591,0.68395,17.209,15.971,0,0,0,0,0
0.1009,59.828,0.68613,19.73,15.927,0,0,0,0,0
0.10114,60.564,0.68831,21.869,15.883,0,0,0,0,0
0.10138,56.297,0.6905,21.295,15.839,0,0,0,0,0
0.10162,57.519,0.69268,15.013,15.795,0,0,0,0,0
0.10186,60.002,0.69486,13.521,15.752,0,0,0,0,0
0.1021,58.416,0.69704,15.621,15.709,0,0,0,0,0
0.10234,57.568,0.69922,14.405,15.666,0,0,0,0,0
0.10258,60.865,0.7014,17.113,15.623,0,0,0,0,0
0.10282,60.544,0.70359,21.149,15.581,0,0,0,0,0
0.10305,60.123,0.70577,22.063,15.539,0,0,0,0,0
0.10329,62.033,0.70795,20.2,15.498,0,0,0,0,0
0.10353,56.133,0.71013,14.315,15.456,0,0,0,0,0
0.10377,55.225,0.71231,17.174,15.415,0,0,0,0,0
0.10401,61.879,0.71449,20.731,15.374,0,0,0,0,0
0.10425,58.868,0.71668,18.091,15.334,0,0,0,0,0
0.10449,55.07,0.71886,17.175,15.293,0,0,0,0,0
0.10473,57.743,0.72104,20.419,15.253,0,0,0,0,0
0.10497,60.434,0.72322,21.999,15.213,0,0,0,0,0
0.10521,60.749,0.7254,16.84,15.174,0,0,0,0,0
0.10545,61.581,0.72758,14.824,15.134,0,0,0,0,0
0.10569,61.316,0.72977,15.683,15.095,0,0,0,0,0
0.10593,58.998,0.73195,16.097,15.056,0,0,0,0,0
0.10617,58.496,0.73413,18.961,15.018,0,0,0,0,0
0.10641,56.166,0.73631,16.267,14.979,0,0,0,0,0
0.10665,59.835,0.73849,11.4,14.941,0,0,0,0,0
0.10689,58.149,0.74067,13.646,14.903,0,0,0,0,0
0.10713,60.034,0.74286,15.349,14.866,0,0,0,0,0
0.10737,60.197,0.74504,17.151,14.828,0,0,0,0,0
0.10761,62.542,0.74722,18.931,14.791,0,0,0,0,0
0.10785,60.69,0.7494,15.659,14.754,0,0,0,0,0
0.10809,57.088,0.75158,13.725,14.717,0,0,0,0,0
0.10832,55.801,0.75376,16.904,14.681,0,0,0,0,0
0.10856,53.094,0.75595,17.077,14.645,0,0,0,0,0
0.1088,48.629,0.75813,16.841,14.609,0,0,0,0,0
0.10904,54.645,0.76031,14.669,14.573,0,0,0,0,0
0.10928,51.558,0.76249,12.358,14.537,0,0,0,0,0
0.10952,57.202,0.76467,13.037,14.502,0,0,0,0,0
0.10976,45.535,0.76685,17.646,14.467,0,0,0,0,0
0.11,56.88,0.76904,16.933,14.432,0,0,0,0,0
0.11024,41.986,0.77122,14.86,14.397,0,0,0,0,0
0.11048,61.68,0.7734,17.665,14.363,0,0,0,0,0
0.11072,97.018,0.77558,16.501,14.328,0,0,0,0,0
0.11551,66.111,0.77776,14.061,14.294,0,0,0,0,0
0.11575,68.538,0.77994,15.058,14.26,0,0,0,0,0
0.11599,68.069,0.78213,18.565,14.227,0,0,0,0,0
0.11623,62.928,0.78431,15.325,14.193,0,0,0,0,0
0.11647,62.538,0.78649,11.294,14.16,0,0,0,0,0
0.11671,65.89,0.78867,14.237,14.127,0,0,0,0,0
0.11695,62.397,0.79085,17.74,14.094,0,0,0,0,0
0.11719,57.788,0.79303,21.712,14.061,0,0,0,0,0
0.11743,62.806,0.79522,18.761,14.029,0,0,0,0,0
0.11767,61.754,0.7974,15.603,13.997,0,0,0,0,0
0.11791,59.291,0.79958,15.656,13.964,0,0,0,0,0
0.11815,57.697,0.80176,13.679,13.933,0,0,0,0,0
0.11839,60.302,0.80394,16.199,13.901,0,0,0,0,0
0.11862,57.184,0.80612,14.454,13.869,0,0,0,0,0
0.11886,55.173,0.80831,15.382,13.838,0,0,0,0,0
0.1191,53.546,0.81049,18.184,13.807,0,0,0,0,0
0.11934,53.481,0.81267,13.776,13.776,0,0,0,0,0
0.11958,52.715,0.81485,13.745,13.745,0,0,0,0,0
0.11982,55.871,0.81703,13.715,13.715,0,0,0,0,0
0.12006,56.764,0.81921,13.684,13.684,0,0,0,0,0
0.1203,53.015,0.8214,13.654,13.654,0,0,0,0,0
0.12054,54.826,0.82358,13.624,13.624,0,0,0,0,0
0.12078,58.657,0.82576,13.594,13.594,0,0,0,0,0
0.12102,57.168,0.82794,13.565,13.565,0,0,0,0,0
0.12126,55.062,0.83012,13.535,13.535,0,0,0,0,0
0.1215,54.675,0.8323,13.506,13.506,0,0,0,0,0
0.12174,53.696,0.83449,13.477,13.477,0,0,0,0,0
0.12198,55.314,0.83667,13.448,13.448,0,0,0,0,0
0.12222,53.294,0.83885,13.419,13.419,0,0,0,0,0
0.12246,53.941,0.84103,13.39,13.39,0,0,0,0,0
0.1227,55.191,0.84321,13.362,13.362,0,0,0,0,0
0.12294,49.001,0.84539,13.333,13.333,0,0,0,0,0
0.12318,52.486,0.84758,13.305,13.305,0,0,0,0,0
0.12342,50.939,0.84976,13.277,13.277,0,0,0,0,0
0.12365,52.793,0.85194,13.249,13.249,0,0,0,0,0
0.12389,52.071,0.85412,13.222,13.222,0,0,0,0,0
0.12413,49.201,0.8563,13.194,13.194,0,0,0,0,0
0.12437,53.87,0.85848,13.167,13.167,0,0,0,0,0
0.12461,53.188,0.86067,13.14,13.14,0,0,0,0,0
0.12485,52.989,0.86285,13.113,13.113,0,0,0,0,0
0.12509,54.261,0.86503,13.086,13.086,0,0,0,0,0
0.12533,55.506,0.86721,13.059,13.059,0,0,0,0,0
0.12557,52.562,0.86939,13.033,13.033,0,0,0,0,0
0.12581,51.835,0.87157,13.006,13.006,0,0,0,0,0
0.12605,52.018,0.87376,12.98,12.98,0,0,0,0,0
0.12629,49.886,0.87594,12.954,12.954,0,0,0,0,0
0.12653,49.562,0.87812,16.229,12.928,0,0,0,0,0
0.12677,48.841,0.8803,9.2109,12.902,0,0,0,0,0
0.12701,51.823,0.88248,9.0386,12.877,0,0,0,0,0
0.12725,53.708,0.88466,7.3591,12.851,0,0,0,0,0
0.12749,50.791,0.88685,12.678,12.826,0,0,0,0,0
0.12773,51.246,0.88903,15.39,12.8,0,0,0,0,0
0.12797,51.443,0.89121,11.448,12.775,0,0,0,0,0
0.1282,49.852,0.89339,12.397,12.75,0,0,0,0,0
0.12844,50.826,0.89557,13.392,12.726,0,0,0,0,0
0.12868,52.028,0.89775,12.31,12.701,0,0,0,0,0
0.12892,48.516,0.89994,9.5639,12.676,0,0,0,0,0
0.12916,49.256,0.90212,9.8988,12.652,0,0,0,0,0
0.1294,49.311,0.9043,18.68,12.628,0,0,0,0,0
0.12964,46.893,0.90648,15.803,12.604,0,0,0,0,0
0.12988,45.432,0.90866,14.634,12.58,0,0,0,0,0
0.13012,45.075,0.91084,14.572,12.556,0,0,0,0,0
0.13036,46.195,0.91303,10.214,12.532,0,0,0,0,0
0.1306,47.22,0.91521,9.169,12.509,0,0,0,0,0
0.13084,48.539,0.91739,12.724,12.485,0,0,0,0,0
0.13108,50.897,0.91957,16.508,12.462,0,0,0,0,0
0.13132,49.708,0.92175,13.262,12.439,0,0,0,0,0
0.13156,44.776,0.92393,9.1858,12.416,0,0,0,0,0
0.1318,46.076,0.92612,8.3535,12.393,0,0,0,0,0
0.13204,45.807,0.9283,12.046,12.37,0,0,0,0,0
0.13228,44.17,0.93048,12.046,12.347,0,0,0,0,0
0.13252,45.065,0.93266,10.524,12.325,0,0,0,0,0
0.13276,45.299,0.93484,9.7018,12.302,0,0,0,0,0
0.13299,46.377,0.93702,9.7136,12.28,0,0,0,0,0
0.13323,47.366,0.93921,8.593,12.258,0,0,0,0,0
0.13347,46.024,0.94139,8.9638,12.236,0,0,0,0,0
0.13371,47.617,0.94357,10.807,12.214,0,0,0,0,0
0.13395,48.299,0.94575,13.419,12.192,0,0,0,0,0
0.13419,46.602,0.94793,14.918,12.17,0,0,0,0,0
0.13443,46.149,0.95011,13.665,12.149,0,0,0,0,0
0.13467,45.886,0.9523,18.077,12.127,0,0,0,0,0
0.13491,43.267,0.95448,18.354,12.106,0,0,0,0,0
0.13515,43.11,0.95666,13.831,12.085,0,0,0,0,0
0.13539,40.783,0.95884,15.135,12.063,0,0,0,0,0
0.13563,45.534,0.96102,13.934,12.042,0,0,0,0,0
0.13587,43.511,0.9632,11.458,12.022,0,0,0,0,0
0.13611,45.055,0.96539,10.283,12.001,0,0,0,0,0
0.13635,44.493,0.96757,9.8547,11.98,0,0,0,0,0
0.13659,42.095,0.96975,9.2234,11.96,0,0,0,0,0
0.13683,40.712,0.97193,10.083,11.939,0,0,0,0,0
0.13707,45.516,0.97411,10.625,11.919,0,0,0,0,0
0.1373,44.597,0.97629,10.772,11.898,0,0,0,0,0
0.13754,42.973,0.97848,11.407,11.878,0,0,0,0,0
0.13778,41.851,0.98066,13.042,11.858,0,0,0,0,0
0.13802,39.541,0.98284,12.834,11.838,0,0,0,0,0
0.13826,38.348,0.98502,10.873,11.819,0,0,0,0,0
0.1385,39.425,0.9872,10.166,11.799,0,0,0,0,0
0.13874,39.809,0.98938,7.8493,11.779,0,0,0,0,0
0.13898,41.275,0.99157,5.2427,11.76,0,0,0,0,0
0.13922,40.357,0.99375,9.4491,11.74,0,0,0,0,0
0.13946,41.744,0.99593,12.726,11.721,0,0,0,0,0
0.1397,41.524,0.99811,8.7479,11.702,0,0,0,0,0
0.13994,41.996,1.0003,8.5779,11.683,0,0,0,0,0
0.14018,41.263,1.0025,7.8227,11.664,0,0,0,0,0
0.14042,41.163,1.0047,11.411,11.645,0,0,0,0,0
0.14066,37.906,1.0068,9.9928,11.626,0,0,0,0,0
0.1409,37.322,1.009,10.088,11.608,0,0,0,0,0
0.14114,35.853,1.0112,9.6251,11.589,0,0,0,0,0
0.14138,36.525,1.0134,8.2412,11.57,0,0,0,0,0
0.14161,35.174,1.0156,6.1165,11.552,0,0,0,0,0
0.14185,38.873,1.0177,9.6586,11.534,0,0,0,0,0
0.14209,38.097,1.0199,12.864,11.516,0,0,0,0,0
0.14233,38.73,1.0221,12.527,11.497,0,0,0,0,0
0.14257,37.458,1.0243,8.2499,11.479,0,0,0,0,0
0.14281,36.687,1.0265,10.103,11.462,0,0,0,0,0
0.14305,35.348,1.0287,10.744,11.444,0,0,0,0,0
0.14329,34.37,1.0308,9.238,11.426,0,0,0,0,0
0.14353,37.067,1.033,12.154,11.408,0,0,0,0,0
0.14377,38.786,1.0352,13.08,11.391,0,0,0,0,0
0.14401,39.966,1.0374,15.253,11.373,0,0,0,0,0
0.14425,34.46,1.0396,15.872,11.356,0,0,0,0,0
0.14449,37.617,1.0417,19.479,11.339,0,0,0,0,0
0.14473,39.497,1.0439,19.689,11.321,0,0,0,0,0
0.14497,37.664,1.0461,17.942,11.304,0,0,0,0,0
0.14521,36.418,1.0483,11.402,11.287,0,0,0,0,0
0.14545,34.446,1.0505,8.8048,11.27,0,0,0,0,0
0.14569,34.321,1.0527,16.576,11.253,0,0,0,0,0
0.14592,32.395,1.0548,18.698,11.237,0,0,0,0,0
0.14616,39.175,1.057,17.691,11.22,0,0,0,0,0
0.1464,36.951,1.0592,13.41,11.203,0,0,0,0,0
0.14664,33.075,1.0614,11.109,11.187,0,0,0,0,0
0.14688,31.27,1.0636,11.458,11.17,0,0,0,0,0
0.14712,32.109,1.0657,10.468,11.154,0,0,0,0,0
0.14736,28.814,1.0679,12.399,11.138,0,0,0,0,0
0.1476,30.627,1.0701,10.772,11.122,0,0,0,0,0
0.14784,34.489,1.0723,7.762,11.105,0,0,0,0,0
0.14808,31.708,1.0745,5.8952,11.089,0,0,0,0,0
0.14832,32.303,1.0766,9.099,11.073,0,0,0,0,0
0.14856,33.167,1.0788,9.6399,11.058,0,0,0,0,0
0.1488,32.31,1.081,7.5591,11.042,0,0,0,0,0
0.14904,31.026,1.0832,8.8299,11.026,0,0,0,0,0
0.14928,29.753,1.0854,9.6067,11.01,0,0,0,0,0
0.14952,29.678,1.0876,9.0519,10.995,0,0,0,0,0
0.14976,31.91,1.0897,6.6779,10.979,0,0,0,0,0
0.14999,32.27,1.0919,7.6164,10.964,0,0,0,0,0
0.15023,32.393,1.0941,8.7642,10.949,0,0,0,0,0
0.15047,30.892,1.0963,5.9083,10.933,0,0,0,0,0
0.15071,35.182,1.0985,7.5204,10.918,0,0,0,0,0
0.15095,32.305,1.1006,8.0317,10.903,0,0,0,0,0
0.15119,29.836,1.1028,12.773,10.888,0,0,0,0,0
0.15143,30.774,1.105,10.313,10.873,0,0,0,0,0
0.15167,32.068,1.1072,6.7707,10.858,0,0,0,0,0
0.15191,30.536,1.1094,6.6279,10.844,0,0,0,0,0
0.15215,29.722,1.1116,8.7923,10.829,0,0,0,0,0
0.15239,28.116,1.1137,10.458,10.814,0,0,0,0,0
0.15263,28.02,1.1159,9.561,10.8,0,0,0,0,0
0.15287,30.516,1.1181,7.8187,10.785,0,0,0,0,0
0.15311,29.54,1.1203,8.4177,10.771,0,0,0,0,0
0.15335,29.378,1.1225,10.538,10.756,0,0,0,0,0
0.15359,28.896,1.1246,13.163,10.742,0,0,0,0,0
0.15382,28.769,1.1268,13.864,10.728,0,0,0,0,0
0.15406,28.256,1.129,9.2033,10.713,0,0,0,0,0
0.1543,27.28,1.1312,6.4644,10.699,0,0,0,0,0
0.15454,30.454,1.1334,5.4144,10.685,0,0,0,0,0
0.15478,28.704,1.1356,5.8138,10.671,0,0,0,0,0
0.15502,30.042,1.1377,7.9271,10.657,0,0,0,0,0
0.15526,28.961,1.1399,8.7055,10.644,0,0,0,0,0
0.1555,23.442,1.1421,7.337,10.63,0,0,0,0,0
0.15574,20.747,1.1443,8.1897,10.616,0,0,0,0,0
0.15598,17.548,1.1465,9.4964,10.602,0,0,0,0,0
0.15622,14.146,1.1486,7.9221,10.589,0,0,0,0,0
0.15646,12.981,1.1508,7.0021,10.575,0,0,0,0,0
0.1567,12.573,1.153,7.5354,10.562,0,0,0,0,0
0.15694,10.361,1.1552,7.3721,10.549,0,0,0,0,0
0.15718,9.733,1.1574,12.044,10.535,0,0,0,0,0
0.15742,9.3873,1.1596,11.788,10.522,0,0,0,0,0
0.15766,7.0322,1.1617,6.3221,10.509,0,0,0,0,0
0.15789,6.0232,1.1639,7.7054,10.496,0,0,0,0,0
0.15813,5.4076,1.1661,9.3263,10.483,0,0,0,0,0
0.15837,5.6778,1.1683,6.2602,10.47,0,0,0,0,0
0.15861,4.0266,1.1705,9.2014,10.457,0,0,0,0,0
0.15885,3.256,1.1726,12.855,10.444,0,0,0,0,0
0.15909,3.7052,1.1748,6.501,10.431,0,0,0,0,0
0.15933,3.2064,1.177,6.5823,10.418,0,0,0,0,0
0.15957,3.3567,1.1792,9.7067,10.405,0,0,0,0,0
0.15981,3.4358,1.1814,10.646,10.393,0,0,0,0,0
0.16005,3.0338,1.1836,11.822,10.38,0,0,0,0,0
0.16029,3.0425,1.1857,11.033,10.368,0,0,0,0,0
0.16053,3.0572,1.1879,10.258,10.355,0,0,0,0,0
0.16077,2.8897,1.1901,11.005,10.343,0,0,0,0,0
0.16101,2.7665,1.1923,11.1,10.33,0,0,0,0,0
0.16125,2.8861,1.1945,9.7091,10.318,0,0,0,0,0
0.16148,2.9226,1.1966,10.154,10.306,0,0,0,0,0
0.16172,2.8784,1.1988,11.553,10.294,0,0,0,0,0
0.16196,2.9802,1.201,7.6916,10.282,0,0,0,0,0
0.1622,3.004,1.2032,6.0778,10.27,0,0,0,0,0
0.16244,2.7007,1.2054,5.8638,10.258,0,0,0,0,0
0.16268,2.5265,1.2075,7.0438,10.246,0,0,0,0,0
0.16292,7.3777,1.2097,5.9059,10.234,0,0,0,0,0
0.16316,8.0715,1.2119,8.7777,10.222,0,0,0,0,0
0.1634,2.0049,1.2141,9.1797,10.21,0,0,0,0,0
0.16364,1.9397,1.2163,11.269,10.198,0,0,0,0,0
0.16388,2.074,1.2185,11.42,10.187,0,0,0,0,0
0.16412,1.6319,1.2206,7.3666,10.175,0,0,0,0,0
0.16436,1.7809,1.2228,8.5184,10.163,0,0,0,0,0
0.1646,1.5521,1.225,11.366,10.152,0,0,0,0,0
0.16484,1.1192,1.2272,9.0416,10.14,0,0,0,0,0
0.16508,1.2398,1.2294,12.762,10.129,0,0,0,0,0
0.16531,1.4682,1.2315,12.557,10.118,0,0,0,0,0
0.16555,1.2936,1.2337,8.0237,10.106,0,0,0,0,0
0.16579,1.7256,1.2359,11.259,10.095,0,0,0,0,0
0.16603,1.1718,1.2381,13.413,10.084,0,0,0,0,0
0.16627,0.69029,1.2403,10.432,10.073,0,0,0,0,0
0.16651,0.96412,1.2425,7.2229,10.061,0,0,0,0,0
0.16675,1.1739,1.2446,5.4407,10.05,0,0,0,0,0
0.16699,1.3239,1.2468,7.2313,10.039,0,0,0,0,0
0.16723,1.5377,1.249,7.2627,10.028,0,0,0,0,0
0.16747,1.4099,1.2512,5.613,10.017,0,0,0,0,0
0.16771,1.3047,1.2534,6.9722,10.007,0,0,0,0,0
0.16795,1.1174,1.2555,9.1245,9.9957,0,0,0,0,0
0.16819,1.3359,1.2577,9.0054,9.9849,0,0,0,0,0
0.16843,1.1917,1.2599,8.9491,9.9742,0,0,0,0,0
0.16867,1.4961,1.2621,8.7197,9.9635,0,0,0,0,0
0.1689,1.289,1.2643,6.5485,9.9528,0,0,0,0,0
0.16914,1.3604,1.2665,6.6272,9.9422,0,0,0,0,0
0.16938,1.0542,1.2686,12.059,9.9317,0,0,0,0,0
0.16962,1.5103,1.2708,8.7131,9.9212,0,0,0,0,0
0.16986,1.4961,1.273,7.1398,9.9108,0,0,0,0,0
0.1701,1.3746,1.2752,11.115,9.9003,0,0,0,0,0
0.17034,1.3123,1.2774,15.843,9.89,0,0,0,0,0
0.17058,1.4704,1.2795,14.695,9.8797,0,0,0,0,0
0.17082,1.4456,1.2817,11.759,9.8694,0,0,0,0,0
0.17106,1.6326,1.2839,9.7744,9.8592,0,0,0,0,0
0.1713,1.4212,1.2861,9.2922,9.849,0,0,0,0,0
0.17154,1.3242,1.2883,7.2177,9.8389,0,0,0,0,0
0.17178,1.7012,1.2905,7.2913,9.8288,0,0,0,0,0
0.17202,1.3818,1.2926,6.1602,9.8187,0,0,0,0,0
0.17225,1.044,1.2948,5.5493,9.8087,0,0,0,0,0
0.17249,1.213,1.297,6.9825,9.7988,0,0,0,0,0
0.17273,1.768,1.2992,9.0536,9.7889,0,0,0,0,0
0.17297,1.4006,1.3014,9.6122,9.779,0,0,0,0,0
0.17321,1.2751,1.3035,8.4291,9.7692,0,0,0,0,0
0.17345,1.3466,1.3057,6.7266,9.7594,0,0,0,0,0
0.17369,1.5203,1.3079,5.9489,9.7496,0,0,0,0,0
0.17393,1.1092,1.3101,7.7825,9.7399,0,0,0,0,0
0.17417,1.2871,1.3123,8.347,9.7303,0,0,0,0,0
0.17441,1.4157,1.3145,8.6671,9.7206,0,0,0,0,0
0.17465,0.93877,1.3166,8.0529,9.7111,0,0,0,0,0
0.17489,1.4376,1.3188,8.9107,9.7015,0,0,0,0,0
0.17513,1.4282,1.321,11.282,9.692,0,0,0,0,0
0.17537,1.6798,1.3232,10.134,9.6826,0,0,0,0,0
0.1756,1.7361,1.3254,13.402,9.6731,0,0,0,0,0
0.17584,1.5475,1.3275,11.033,9.6638,0,0,0,0,0
0.17608,1.8006,1.3297,9.5422,9.6544,0,0,0,0,0
0.17632,1.3681,1.3319,10.473,9.6451,0,0,0,0,0
0.17656,1.3183,1.3341,13.48,9.6359,0,0,0,0,0
0.1768,1.3808,1.3363,9.2273,9.6267,0,0,0,0,0
0.17704,1.7652,1.3384,7.345,9.6175,0,0,0,0,0
0.17728,1.4814,1.3406,10.743,9.6083,0,0,0,0,0
0.17752,1.6104,1.3428,13.907,9.5992,0,0,0,0,0
0.17776,1.1499,1.345,10.254,9.5902,0,0,0,0,0
0.178,1.8154,1.3472,9.3209,9.5811,0,0,0,0,0
0.17824,1.8136,1.3494,8.9206,9.5722,0,0,0,0,0
0.17848,1.425,1.3515,10.407,9.5632,0,0,0,0,0
0.17872,1.4044,1.3537,9.7292,9.5543,0,0,0,0,0
0.17895,1.5433,1.3559,6.3922,9.5454,0,0,0,0,0
0.17919,1.5767,1.3581,9.8164,9.5366,0,0,0,0,0
0.17943,1.1093,1.3603,9.5593,9.5278,0,0,0,0,0
0.17967,1.1278,1.3624,7.5885,9.519,0,0,0,0,0
0.17991,1.6528,1.3646,11.42,9.5103,0,0,0,0,0
0.18015,1.7398,1.3668,11.358,9.5016,0,0,0,0,0
0.18039,1.4484,1.369,10.831,9.493,0,0,0,0,0
0.18063,1.0988,1.3712,7.2497,9.4843,0,0,0,0,0
0.18087,1.6749,1.3734,9.2894,9.4758,0,0,0,0,0
0.18111,1.374,1.3755,9.8936,9.4672,0,0,0,0,0
0.18135,1.3017,1.3777,5.5808,9.4587,0,0,0,0,0
0.18159,1.2571,1.3799,7.0553,9.4502,0,0,0,0,0
0.18183,1.1125,1.3821,8.7456,9.4418,0,0,0,0,0
0.18207,1.9251,1.3843,8.2653,9.4334,0,0,0,0,0
0.1823,1.5892,1.3864,5.9476,9.425,0,0,0,0,0
0.18254,1.3193,1.3886,3.8719,9.4167,0,0,0,0,0
0.18278,1.5138,1.3908,5.2656,9.4084,0,0,0,0,0
0.18302,1.649,1.393,7.1969,9.4001,0,0,0,0,0
0.18326,1.3851,1.3952,9.748,9.3919,0,0,0,0,0
0.1835,1.7131,1.3974,11.731,9.3837,0,0,0,0,0
0.18374,1.4841,1.3995,9.7954,9.3755,0,0,0,0,0
0.18398,1.8629,1.4017,9.8665,9.3674,0,0,0,0,0
0.18422,1.511,1.4039,12.595,9.3593,0,0,0,0,0
0.18446,1.3896,1.4061,9.4598,9.3512,0,0,0,0,0
0.1847,1.3462,1.4083,7.2962,9.3432,0,0,0,0,0
0.18494,1.9891,1.4104,9.1032,9.3351,0,0,0,0,0
0.18518,2.1785,1.4126,7.758,9.3272,0,0,0,0,0
0.18541,1.5949,1.4148,8.5659,9.3192,0,0,0,0,0
0.18565,1.6908,1.417,9.754,9.3113,0,0,0,0,0
0.18589,1.4069,1.4192,10.591,9.3035,0,0,0,0,0
0.18613,1.5784,1.4214,12.057,9.2956,0,0,0,0,0
0.18637,1.6309,1.4235,10.513,9.2878,0,0,0,0,0
0.18661,1.8282,1.4257,11.013,9.28,0,0,0,0,0
0.18685,1.3717,1.4279,8.6794,9.2723,0,0,0,0,0
0.18709,1.6472,1.4301,7.5939,9.2646,0,0,0,0,0
0.18733,1.5341,1.4323,5.1963,9.2569,0,0,0,0,0
0.18757,1.666,1.4344,9.1982,9.2492,0,0,0,0,0
0.18781,1.3266,1.4366,8.1189,9.2416,0,0,0,0,0
0.18805,1.5718,1.4388,9.7057,9.234,0,0,0,0,0
0.18829,1.432,1.441,10.629,9.2264,0,0,0,0,0
0.18853,1.7422,1.4432,11.177,9.2189,0,0,0,0,0
0.18876,1.5469,1.4454,10.269,9.2114,0,0,0,0,0
0.189,1.7476,1.4475,8.5219,9.2039,0,0,0,0,0
0.18924,1.5397,1.4497,9.2818,9.1965,0,0,0,0,0
0.18948,1.4266,1.4519,12.383,9.1891,0,0,0,0,0
0.18972,1.4353,1.4541,7.1372,9.1817,0,0,0,0,0
0.18996,1.5792,1.4563,5.9898,9.1743,0,0,0,0,0
0.1902,1.6329,1.4584,11.648,9.167,0,0,0,0,0
0.19044,1.6841,1.4606,14.772,9.1597,0,0,0,0,0
0.19068,1.6838,1.4628,13.28,9.1524,0,0,0,0,0
0.19092,1.4026,1.465,7.9996,9.1452,0,0,0,0,0
0.19116,1.6518,1.4672,9.9507,9.138,0,0,0,0,0
0.1914,1.2535,1.4693,6.1644,9.1308,0,0,0,0,0
0.19163,1.0086,1.4715,6.944,9.1237,0,0,0,0,0
0.19187,1.2201,1.4737,5.9669,9.1165,0,0,0,0,0
0.19211,1.3555,1.4759,5.2173,9.1094,0,0,0,0,0
0.19235,1.6424,1.4781,6.4817,9.1024,0,0,0,0,0
0.19259,1.4163,1.4803,7.6779,9.0953,0,0,0,0,0
0.19283,1.4975,1.4824,4.7026,9.0883,0,0,0,0,0
0.19307,1.6976,1.4846,7.3847,9.0813,0,0,0,0,0
0.19331,1.8394,1.4868,8.302,9.0743,0,0,0,0,0
0.19355,1.5316,1.489,11.28,9.0674,0,0,0,0,0
0.19379,1.4988,1.4912,8.2156,9.0605,0,0,0,0,0
0.19403,1.3196,1.4933,5.7731,9.0536,0,0,0,0,0
0.19427,1.9194,1.4955,8.0046,9.0468,0,0,0,0,0
0.19451,1.5653,1.4977,8.7128,9.0399,0,0,0,0,0
0.19474,1.4249,1.4999,5.4988,9.0331,0,0,0,0,0
0.19498,1.8592,1.5021,9.3983,9.0264,0,0,0,0,0
0.19522,1.4591,0,0,0,0,0,0,0,0
0.19546,1.1325,0,0,0,0,0,0,0,0
0.1957,1.3968,0,0,0,0,0,0,0,0
0.19594,1.2525,0,0,0,0,0,0,0,0
0.19618,2.0456,0,0,0,0,0,0,0,0
0.19642,1.7603,0,0,0,0,0,0,0,0
0.19666,1.3621,0,0,0,0,0,0,0,0
0.1969,1.2242,0,0,0,0,0,0,0,0
0.19714,1.5104,0,0,0,0,0,0,0,0
0.19738,1.2588,0,0,0,0,0,0,0,0
0.19761,1.2717,0,0,0,0,0,0,0,0
0.19785,1.2004,0,0,0,0,0,0,0,0
0.19809,1.3716,0,0,0,0,0,0,0,0
0.19833,1.744,0,0,0,0,0,0,0,0
0.19857,1.6008,0,0,0,0,0,0,0,0
0.19881,1.5455,0,0,0,0,0,0,0,0
0.19905,1.7432,0,0,0,0,0,0,0,0
0.19929,1.2607,0,0,0,0,0,0,0,0
0.19953,1.0785,0,0,0,0,0,0,0,0
0.19977,1.1165,0,0,0,0,0,0,0,0
0.20001,1.1805,0,0,0,0,0,0,0,0
0.20025,1.089,0,0,0,0,0,0,0,0
0.20048,1.345,0,0,0,0,0,0,0,0
0.20072,1.6942,0,0,0,0,0,0,0,0
0.20096,1.497,0,0,0,0,0,0,0,0
0.2012,1.8949,0,0,0,0,0,0,0,0
0.20144,1.3787,0,0,0,0,0,0,0,0
0.20168,1.248,0,0,0,0,0,0,0,0
0.20192,1.5845,0,0,0,0,0,0,0,0
0.20216,1.753,0,0,0,0,0,0,0,0
0.2024,1.5316,0,0,0,0,0,0,0,0
0.20264,1.2936,0,0,0,0,0,0,0,0
0.20288,1.6033,0,0,0,0,0,0,0,0
0.20312,1.6416,0,0,0,0,0,0,0,0
0.20335,1.5873,0,0,0,0,0,0,0,0
0.20359,1.4963,0,0,0,0,0,0,0,0
0.20383,1.3359,0,0,0,0,0,0,0,0
0.20407,1.7626,0,0,0,0,0,0,0,0
0.20431,1.6908,0,0,0,0,0,0,0,0
0.20455,1.2306,0,0,0,0,0,0,0,0
0.20479,1.2821,0,0,0,0,0,0,0,0
0.20503,1.2542,0,0,0,0,0,0,0,0
0.20527,1.1036,0,0,0,0,0,0,0,0
0.20551,1.4857,0,0,0,0,0,0,0,0
0.20575,1.4491,0,0,0,0,0,0,0,0
0.20599,1.6384,0,0,0,0,0,0,0,0
0.20622,1.1964,0,0,0,0,0,0,0,0
0.20646,0.99547,0,0,0,0,0,0,0,0
0.2067,1.4933,0,0,0,0,0,0,0,0
0.20694,1.4783,0,0,0,0,0,0,0,0
0.20718,1.1701,0,0,0,0,0,0,0,0
0.20742,1.4203,0,0,0,0,0,0,0,0
0.20766,1.554,0,0,0,0,0,0,0,0
0,0,0,0,0,0,0,0,0,0
0,0,0,0,0,0,0,0,0,0
0,0,0,0,0,0,0,0,0,0
0,0,0,0,0,0,0,0,0,0
0,0,0,0,0,0,0,0,0,0
0,0,0,0,0,0,0,0,0,0
0,0,0,0,0,0,0,0,0,0
0,0,0,0,0,0,0,0,0,0
0,0,0,0,0,0,0,0,0,0
0,0,0,0,0,0,0,0,0,0
0,0,0,0,0,0,0,0,0,0
0,0,0,0,0,0,0,0,0,0
0,0,0,0,0,0,0,0,0,0
0,0,0,0,0,0,0,0,0,0
0,0,0,0,0,0,0,0,0,0
0,0,0,0,0,0,0,0,0,0
0,0,0,0,0,0,0,0,0,0
0,0,0,0,0,0,0,0,0,0
0,0,0,0,0,0,0,0,0,0
0,0,0,0,0,0,0,0,0,0
0,0,0,0,0,0,0,0,0,0
0,0,0,0,0,0,0,0,0,0
0,0,0,0,0,0,0,0,0,0
0,0,0,0,0,0,0,0,0,0
0,0,0,0,0,0,0,0,0,0
0,0,0,0,0,0,0,0,0,0
0,0,0,0,0,0,0,0,0,0
0,0,0,0,0,0,0,0,0,0
0,0,0,0,0,0,0,0,0,0
0,0,0,0,0,0,0,0,0,0
0,0,0,0,0,0,0,0,0,0
0,0,0,0,0,0,0,0,0,0
0,0,0,0,0,0,0,0,0,0
0,0,0,0,0,0,0,0,0,0
0,0,0,0,0,0,0,0,0,0
0,0,0,0,0,0,0,0,0,0
0,0,0,0,0,0,0,0,0,0
0,0,0,0,0,0,0,0,0,0
0,0,0,0,0,0,0,0,0,0
0,0,0,0,0,0,0,0,0,0
0,0,0,0,0,0,0,0,0,0
0,0,0,0,0,0,0,0,0,0
0,0,0,0,0,0,0,0,0,0
0,0,0,0,0,0,0,0,0,0
0,0,0,0,0,0,0,0,0,0
0,0,0,0,0,0,0,0,0,0
0,0,0,0,0,0,0,0,0,0
0,0,0,0,0,0,0,0,0,0
0,0,0,0,0,0,0,0,0,0
0,0,0,0,0,0,0,0,0,0
0,0,0,0,0,0,0,0,0,0
0,0,0,0,0,0,0,0,0,0
0,0,0,0,0,0,0,0,0,0
0,0,0,0,0,0,0,0,0,0
0,0,0,0,0,0,0,0,0,0
0,0,0,0,0,0,0,0,0,0
0,0,0,0,0,0,0,0,0,0
0,0,0,0,0,0,0,0,0,0
0,0,0,0,0,0,0,0,0,0
0,0,0,0,0,0,0,0,0,0
0,0,0,0,0,0,0,0,0,0
0,0,0,0,0,0,0,0,0,0
0,0,0,0,0,0,0,0,0,0
0,0,0,0,0,0,0,0,0,0
0,0,0,0,0,0,0,0,0,0
0,0,0,0,0,0,0,0,0,0
0,0,0,0,0,0,0,0,0,0
0,0,0,0,0,0,0,0,0,0
0,0,0,0,0,0,0,0,0,0
0,0,0,0,0,0,0,0,0,0
0,0,0,0,0,0,0,0,0,0
0,0,0,0,0,0,0,0,0,0
0,0,0,0,0,0,0,0,0,0
0,0,0,0,0,0,0,0,0,0
0,0,0,0,0,0,0,0,0,0
0,0,0,0,0,0,0,0,0,0
0,0,0,0,0,0,0,0,0,0
0,0,0,0,0,0,0,0,0,0
0,0,0,0,0,0,0,0,0,0
0,0,0,0,0,0,0,0,0,0
0,0,0,0,0,0,0,0,0,0
0,0,0,0,0,0,0,0,0,0
0,0,0,0,0,0,0,0,0,0
0,0,0,0,0,0,0,0,0,0
0,0,0,0,0,0,0,0,0,0
0,0,0,0,0,0,0,0,0,0
0,0,0,0,0,0,0,0,0,0
0,0,0,0,0,0,0,0,0,0
0,0,0,0,0,0,0,0,0,0
0,0,0,0,0,0,0,0,0,0
0,0,0,0,0,0,0,0,0,0
0,0,0,0,0,0,0,0,0,0
0,0,0,0,0,0,0,0,0,0
0,0,0,0,0,0,0,0,0,0
0,0,0,0,0,0,0,0,0,0
0,0,0,0,0,0,0,0,0,0
0,0,0,0,0,0,0,0,0,0
0,0,0,0,0,0,0,0,0,0
0,0,0,0,0,0,0,0,0,0
